task_id,title,description,priority,estimated_effort,category,branch_name,dependencies,success_criteria,files_to_modify,status,completion_date,pr_number,notes
TASK-001,Performance Optimization for Multi-Scenario Calculations,"Optimize the performance of multi-scenario simulations by implementing memoization, lazy loading, and worker threads for heavy calculations",High,5 days,enhancement,enhancement/performance-optimization,none,"Multi-scenario comparisons load 50% faster, no UI blocking during calculations, smooth animations maintained",src/hooks/useWasteSimulation.tsx;src/components/features/ComparisonDashboard.tsx,pending,,,,
TASK-002,Advanced Scenario Export/Import Features,"Add support for exporting comparison reports to PDF, Excel, and enhanced CSV formats with charts and summaries",Medium,3 days,feature,feature/advanced-export-import,none,"Users can export comparison reports in multiple formats, PDF includes charts and tables, Excel has formatted data",src/utils/exportUtils.ts;src/components/scenarios/ScenarioManager.tsx,pending,,,,
TASK-003,Real-time Collaboration Features,"Implement real-time scenario sharing and collaborative editing using WebSocket connections",Low,8 days,feature,feature/real-time-collaboration,TASK-002,"Multiple users can edit scenarios simultaneously, changes sync in real-time, conflict resolution implemented",src/lib/collaboration.ts;src/hooks/useCollaboration.ts;src/components/scenarios/,pending,,,,
TASK-004,Mobile App Optimization,"Enhance mobile user experience with touch-optimized charts, improved responsive design, and mobile-specific interactions",Medium,4 days,enhancement,enhancement/mobile-optimization,none,"App works seamlessly on mobile devices, charts are touch-responsive, navigation optimized for small screens",src/components/features/;src/index.css;src/components/ui/,pending,,,,
TASK-005,Advanced Data Visualization,"Add new chart types: Sankey diagrams for waste flows, heat maps for seasonal patterns, and interactive flow animations",Medium,6 days,feature,feature/advanced-visualizations,TASK-001,"Sankey diagram shows waste flow paths, heat maps display seasonal trends, animations enhance user understanding",src/components/features/FlowDiagram.tsx;src/components/features/SankeyDiagram.tsx,pending,,,,
TASK-006,API Integration for External Data,"Integrate with external APIs for real-time weather data, tourism statistics, and waste management industry benchmarks",Low,7 days,feature,feature/api-integration,none,"App pulls real-time data from external sources, weather affects waste generation models, industry benchmarks available",src/lib/apiIntegration.ts;src/hooks/useExternalData.ts,pending,,,,
TASK-007,Enhanced Security and Authentication,"Implement role-based access control, two-factor authentication, and data encryption for sensitive scenarios",High,4 days,enhancement,enhancement/security-improvements,none,"RBAC implemented with admin/user roles, 2FA available, sensitive data encrypted at rest and in transit",src/lib/security.ts;src/hooks/useAuth.ts;src/components/auth/,pending,,,,
TASK-008,Advanced Analytics Dashboard,"Create analytics dashboard showing scenario usage patterns, most compared parameters, and optimization suggestions",Medium,5 days,feature,feature/analytics-dashboard,TASK-007,"Analytics dashboard shows usage metrics, identifies optimization opportunities, provides actionable insights",src/components/features/AnalyticsDashboard.tsx;src/hooks/useAnalytics.ts,pending,,,,
TASK-009,Automated Testing and CI/CD Pipeline,"Set up comprehensive automated testing pipeline with GitHub Actions, including E2E tests and automated deployments",High,3 days,enhancement,enhancement/ci-cd-pipeline,none,"GitHub Actions pipeline runs tests on PR creation, E2E tests validate critical user flows, automatic deployments to staging",".github/workflows/";cypress/;src/test/e2e/,pending,,,,
TASK-010,Internationalization (i18n) Support,"Add multi-language support starting with English and Spanish for international waste management professionals",Low,6 days,feature,feature/internationalization,TASK-004,"App supports English and Spanish languages, all text is translatable, language switching works seamlessly",src/i18n/;src/components/ui/LanguageSelector.tsx,pending,,,,
TASK-011,Offline Mode and PWA Features,"Convert app to Progressive Web App with offline capabilities and local data synchronization",Medium,7 days,enhancement,enhancement/pwa-offline-mode,TASK-001,"App works offline, data syncs when online, PWA installable on devices, service worker handles caching",public/sw.js;src/lib/offline.ts;public/manifest.json,pending,,,,
TASK-012,Custom Reporting and Dashboard Builder,"Allow users to create custom dashboards with drag-and-drop widgets and personalized KPI tracking",Low,8 days,feature,feature/custom-dashboards,TASK-008,"Users can create custom dashboard layouts, drag-and-drop widgets, save personal dashboard configurations",src/components/features/DashboardBuilder.tsx;src/hooks/useDashboardBuilder.ts,pending,,,,
TASK-013,Data Validation and Error Handling,"Implement comprehensive data validation, better error messages, and graceful error recovery mechanisms",High,2 days,enhancement,enhancement/data-validation,none,"All user inputs are validated, clear error messages provided, app recovers gracefully from errors",src/utils/validation.ts;src/components/ui/ErrorBoundary.tsx,pending,,,,
TASK-014,Performance Monitoring and Analytics,"Add performance monitoring, error tracking, and user analytics to understand app usage and optimize experience",Medium,3 days,enhancement,enhancement/monitoring-analytics,TASK-009,"Performance metrics tracked, errors automatically reported, user behavior analytics available for optimization",src/lib/monitoring.ts;src/lib/analytics.ts,pending,,,,
TASK-015,Advanced Scenario Templates,"Create pre-built scenario templates for different island types, seasonal patterns, and waste management strategies",Medium,4 days,feature,feature/scenario-templates,TASK-002,"Multiple scenario templates available, templates customizable, guided setup for new users",src/constants/scenarioTemplates.ts;src/components/scenarios/TemplateSelector.tsx,pending,,,,
TASK-016,Integration Testing Suite,"Develop comprehensive integration tests covering scenario comparison workflows, data persistence, and cross-component interactions",High,3 days,enhancement,enhancement/integration-testing,TASK-009,"Integration tests cover critical user journeys, scenario comparison workflows tested, data persistence validated",src/test/integration/;cypress/integration/,pending,,,,
TASK-017,Documentation and Help System,"Create interactive help system, video tutorials, and comprehensive user documentation",Low,5 days,enhancement,enhancement/documentation-help,TASK-010,"Interactive help system available, video tutorials embedded, searchable documentation, guided tours for new features",src/components/help/;public/docs/;src/assets/videos/,pending,,,,
TASK-018,Advanced Mathematical Models,"Implement more sophisticated waste generation models considering weather patterns, economic factors, and population dynamics",Low,9 days,feature,feature/advanced-models,TASK-006,"Mathematical models include weather correlation, economic impact factors, population growth projections",src/lib/advancedModels.ts;src/hooks/useAdvancedSimulation.tsx,pending,,,,
TASK-019,Accessibility Improvements,"Enhance accessibility compliance with WCAG 2.1 guidelines, screen reader support, and keyboard navigation",High,3 days,enhancement,enhancement/accessibility,TASK-004,"App meets WCAG 2.1 AA standards, full keyboard navigation, screen reader compatible, high contrast mode",src/components/ui/;src/styles/accessibility.css,pending,,,,
TASK-020,Cloud Backup and Sync,"Implement automatic cloud backup of scenarios with conflict resolution and multi-device synchronization",Medium,6 days,feature,feature/cloud-backup-sync,TASK-007,"Scenarios automatically backed up to cloud, sync across devices, conflict resolution for simultaneous edits",src/lib/cloudSync.ts;src/hooks/useCloudSync.ts,pending,,,,
TASK-021,Comparison Mode Tabla de Cálculos,"Add detailed calculation table view in comparison mode to show side-by-side technical analysis of scenarios",High,1 day,feature,feature/comparison-calculations-table,none,"Comparison dashboard includes Tabla de Cálculos tab showing detailed calculations for each scenario side by side",src/components/features/ComparisonDashboard.tsx;src/components/features/ComparisonCalculationsTable.tsx,completed,2025-08-13,3,"Thesis-critical feature for detailed technical analysis. Includes CSV export functionality."
TASK-022,Basic Geolocation for Transfer Station,"Add simple geolocation display for simulation location, transfer station, and final disposition site",Medium,1 day,feature,feature/basic-geolocation,none,"Basic map or coordinate display showing locations of key infrastructure components",src/components/features/GeolocationDisplay.tsx;src/components/features/KPIDashboard.tsx,pending,,,,
TASK-023,High-Resolution Chart and KPI Card Export,"Implement high-resolution image export functionality for charts and KPI cards for thesis documentation",High,1 day,feature,feature/high-res-export,none,"Charts and KPI cards can be exported as high-resolution PNG/SVG files at 300 DPI for academic publications",src/utils/exportUtils.ts;src/components/ui/ExportButton.tsx,completed,2025-08-14,,"Implemented ChartExportWrapper component with PNG/SVG export at 300 DPI. All charts and KPI cards now exportable."
TASK-024,Enhanced CSV Export for Thesis Data,"Enhanced CSV export functionality with detailed comparison tables and thesis-ready data formatting",High,1 day,enhancement,enhancement/thesis-csv-export,none,"CSV exports include detailed comparison tables, properly formatted for academic analysis and thesis appendices",src/utils/csvUtils.ts;src/components/features/,completed,2025-08-13,4,"Simple CSV export matching UI table exactly. Fixed comma separation issues for financial values.",
TASK-025,Transfer Station Valorization Scenarios,"Add transfer station improvement scenarios including MRF, composting, and biogas processing capabilities",High,1 day,feature,feature/transfer-station-valorization,none,"Transfer station parameters include valorization options: MRF efficiency, composting capacity, biogas generation",src/constants/initialState.js;src/hooks/useWasteSimulation.tsx,completed,2025-08-14,,"Implemented comprehensive valorization scenarios: compostaje, biogas generation, plastic pyrolysis with economic modeling in v2.1.0."
TASK-026,Waste Separation at Generation Scenarios,"Implement waste separation modeling at generation sources with different separation rates by sector",High,1 day,feature,feature/waste-separation-scenarios,none,"Scenarios can model different waste separation rates at hotels, restaurants, homes, and commerce",src/constants/initialState.js;src/hooks/useWasteSimulation.tsx,completed,2025-08-14,,"Implemented separation enhancement programs: education, incentive, and container programs with sector-specific impacts in v2.1.0."
THESIS-001,Mathematical Model Deconstruction,"Translate programming logic from useWasteSimulation.tsx into formal academic mathematical language with proper symbolic notation",Critical,3 days,thesis,thesis/mathematical-model,none,"Complete mathematical formulation with defined variables and equations for Chapter 3 of thesis","src/hooks/useWasteSimulation.tsx;docs/Chapter3-Mathematical-Model.md",completed,2025-08-19,,"FASE 1 - Critical for thesis scientific rigor. Complete with 80+ formal variables, equations, and academic flow diagram."
THESIS-002,Base Scenario Data Traceability,"Create complete documentation and justification for every parameter in initialState.js with proper academic citations",Critical,4 days,thesis,thesis/data-traceability,none,"Anexo with 4-column table: Parameter, Value, Units, Source/Justification for every single parameter","src/constants/initialState.js;docs/Anexo-Fuentes-Datos.md",completed,2025-08-20,,"FASE 1 - COMPLETADO: 89/89 parámetros documentados (100%) con fuentes académicas. Distribución: 12 primarias, 42 secundarias, 35 ingenieriles. Anexo académico completo listo para tesis. Completado 1 día adelantado al cronograma."
THESIS-003,Model Validation Against Reality,"Validate simulator results using existing reports, online databases, and proxy data with statistical analysis",Critical,3 days,thesis,thesis/model-validation,THESIS-001,"Validation chapter with comparative analysis, error assessment, and limitation documentation","docs/Chapter-Validation.md;data/holbox-historical-data.csv",completed,2025-08-20,,"FASE 1 - COMPLETADO: Framework completo con datos de estudio propio 2022. 13 KPIs extraídos de Holbox.WP2E.DocumentoMaestro.pdf. Validación primaria con 34.8 tons/día, 28.15% eficiencia recolección. Framework estadístico listo para ejecución."
THESIS-004,Sensitivity Analysis,"Identify 5-7 key uncertain parameters and analyze +/-10% and +/-20% variations impact on system KPIs",High,3 days,thesis,thesis/sensitivity-analysis,THESIS-003,"Tornado/spider charts and sensitivity analysis chapter showing most influential system levers","docs/Chapter-Sensitivity-Analysis.md;data/sensitivity-results.csv",pending,,,"FASE 2 - Identify powerful system change levers. Use Comparison Dashboard for analysis."
THESIS-005,Assumptions and Limitations Documentation,"Comprehensive documentation of all model simplifications and their potential impact on results",High,2 days,thesis,thesis/assumptions-limitations,THESIS-001,"Complete 'Assumptions and Limitations' section demonstrating intellectual honesty and deep model understanding","docs/Chapter-Assumptions-Limitations.md",pending,,,"FASE 2 - Critical for thesis defense. Explain every simplification made in code/model."
THESIS-006,Improvement Scenario Refinement,"Use sensitivity analysis findings to design realistic high-impact improvement scenario with justified parameter values",Medium,3 days,thesis,thesis/improvement-scenario,THESIS-004,"Refined improvement scenario with justified parameters and comparison analysis using dashboard","docs/Chapter-Improvement-Scenario.md;data/improvement-comparison.csv",pending,,,"FASE 3 - Base improvement scenario on sensitivity analysis findings. Use tasks.csv improvements."
THESIS-007,Final Documentation Assembly,"Assemble all components into coherent thesis document with proper formatting and appendices",Medium,2 days,thesis,thesis/final-assembly,THESIS-006,"Complete thesis with Results/Discussion chapter, Conclusions, and properly formatted appendices","docs/Complete-Thesis.md;appendices/",pending,,,"FASE 3 - Professional document ready for defense. All artifacts properly referenced."
VALIDATION-001,Mass Conservation Verification,"Implement automated validation to verify mass conservation: total generated = recovered + valorized + disposed + leaks",Critical,2 days,validation,validation/mass-conservation,THESIS-001,"Automated test suite verifying mass balance equations across all simulation scenarios with detailed reporting","src/test/validation/massConservation.test.js;src/utils/validation.js",completed,2025-08-19,,"Critical for model credibility. Implemented comprehensive test suite with 8 test suites, real-time dashboard, and G_total validation equation."
VALIDATION-002,Physical Constraints Verification,"Verify that system capacities are never exceeded and inventories remain within physical limits",Critical,2 days,validation,validation/physical-constraints,THESIS-001,"Automated validation ensuring no capacity overruns, inventory limits respected, and physical feasibility maintained","src/test/validation/physicalConstraints.test.js;src/utils/constraintValidator.js",completed,2025-08-19,,"Implemented comprehensive capacity validation with 8 test scenarios, real-time bottleneck analysis, and integrated dashboard. Validates collection, transfer station, and final transport capacities with utilization monitoring."
VALIDATION-003,Real Data Comparison Framework,"Create framework for comparing simulation results against historical Holbox data with error percentage calculations",Critical,3 days,validation,validation/real-data-comparison,THESIS-003,"Comparison framework with statistical analysis, error calculations, and discrepancy reporting for thesis validation","src/utils/realDataComparison.js;docs/Validation-Results.md;data/holbox-comparison.csv",completed,2025-08-19,,"Complete statistical framework with error analysis, confidence intervals, significance testing, and academic reporting. Ready for historical data integration with comprehensive test suite and validation templates."